{"cameraMode":{"drawMode":0,"name":"Shaded","section":"Shading Mode"},"sceneLighting":true,"audioPlay":false,"sceneViewState":{"showFog":true,"showMaterialUpdate":false,"showSkybox":true,"showFlares":true,"showImageEffects":true,"showParticleSystems":true},"in2DMode":false,"pivot":{"x":-4.430193901062012,"y":-1.3678345680236817,"z":7.735537052154541},"rotation":{"x":-0.12207042425870896,"y":0.24504630267620088,"z":-0.03111729584634304,"w":-0.9612938761711121},"size":10.0,"orthographic":false}