{"cameraMode":{"drawMode":0,"name":"Shaded","section":"Shading Mode"},"sceneLighting":false,"audioPlay":false,"sceneViewState":{"showFog":true,"showMaterialUpdate":false,"showSkybox":false,"showFlares":true,"showImageEffects":true,"showParticleSystems":true},"in2DMode":false,"pivot":{"x":15.38010025024414,"y":1.052804946899414,"z":0.20999997854232789},"rotation":{"x":-0.026811329647898675,"y":0.18608517944812776,"z":-0.005174280144274235,"w":-0.9822134971618652},"size":1.9807751178741456,"orthographic":false}