{"cameraMode":{"drawMode":0,"name":"Shaded","section":"Shading Mode"},"sceneLighting":false,"audioPlay":false,"sceneViewState":{"showFog":true,"showMaterialUpdate":false,"showSkybox":false,"showFlares":true,"showImageEffects":true,"showParticleSystems":true},"in2DMode":false,"pivot":{"x":0.8899999856948853,"y":2.069999933242798,"z":0.0},"rotation":{"x":-0.04660838097333908,"y":0.0865357294678688,"z":-0.004156376235187054,"w":-0.9952067732810974},"size":0.25980767607688906,"orthographic":false}