{"cameraMode":{"drawMode":0,"name":"Shaded","section":"Shading Mode"},"sceneLighting":true,"audioPlay":false,"sceneViewState":{"showFog":true,"showMaterialUpdate":false,"showSkybox":true,"showFlares":true,"showImageEffects":true,"showParticleSystems":true},"in2DMode":false,"pivot":{"x":6.802499771118164,"y":-0.711245596408844,"z":18.796741485595704},"rotation":{"x":0.060265667736530307,"y":0.02032552659511566,"z":-0.0011079865507781506,"w":0.9980356097221375},"size":15.920119285583496,"orthographic":false}